{"cameraMode":{"drawMode":0,"name":"Shaded","section":"Shading Mode"},"sceneLighting":false,"audioPlay":false,"sceneViewState":{"m_AlwaysRefresh":false,"showFog":true,"showSkybox":false,"showFlares":true,"showImageEffects":true,"showParticleSystems":true,"showVisualEffectGraphs":true,"m_FxEnabled":true},"in2DMode":false,"pivot":{"x":0.15641987323760987,"y":0.16526629030704499,"z":0.24676020443439485},"rotation":{"x":-0.11653198301792145,"y":0.8603713512420654,"z":-0.22732025384902955,"w":-0.4410513639450073},"size":0.4133894741535187,"orthographic":false}