{"cameraMode":{"drawMode":0,"name":"Shaded","section":"Shading Mode"},"sceneLighting":false,"audioPlay":false,"sceneViewState":{"m_AlwaysRefresh":false,"showFog":true,"showSkybox":false,"showFlares":true,"showImageEffects":true,"showParticleSystems":true,"showVisualEffectGraphs":true,"m_FxEnabled":true},"in2DMode":false,"pivot":{"x":0.2729131877422333,"y":1.3733888864517213,"z":1.6930592060089112},"rotation":{"x":0.014200662262737751,"y":0.8829575181007385,"z":-0.46847760677337649,"w":0.02676229551434517},"size":1.453431248664856,"orthographic":false}